Row,Column,GW,Celda,Rw_Clmn
3,330,Q01,c3,"3,330"
3,332,Q01,c5,"3,332"
4,331,Q01,c7,"4,331"
5,274,Q01,c9,"5,274"
5,275,Q01,c10,"5,275"
5,278,Q01,c13,"5,278"
5,279,Q01,c14,"5,279"
6,268,Q01,c18,"6,268"
6,269,Q01,c19,"6,269"
6,274,Q01,c20,"6,274"
6,275,Q01,c21,"6,275"
6,278,Q01,c24,"6,278"
6,279,Q01,c25,"6,279"
7,268,Q01,c29,"7,268"
7,269,Q01,c30,"7,269"
7,273,Q01,c31,"7,273"
7,274,Q01,c32,"7,274"
7,278,Q01,c36,"7,278"
7,279,Q01,c37,"7,279"
7,280,Q01,c38,"7,280"
7,281,Q01,c39,"7,281"
7,282,Q01,c40,"7,282"
8,267,Q01,c44,"8,267"
8,268,Q01,c45,"8,268"
8,269,Q01,c46,"8,269"
8,270,Q01,c47,"8,270"
8,271,Q01,c48,"8,271"
8,272,Q01,c49,"8,272"
8,273,Q01,c50,"8,273"
8,274,Q01,c51,"8,274"
8,277,Q01,c54,"8,277"
8,278,Q01,c55,"8,278"
8,279,Q01,c56,"8,279"
8,280,Q01,c57,"8,280"
8,281,Q01,c58,"8,281"
8,282,Q01,c59,"8,282"
9,271,Q01,c67,"9,271"
9,272,Q01,c68,"9,272"
9,273,Q01,c69,"9,273"
9,277,Q01,c73,"9,277"
9,278,Q01,c74,"9,278"
9,279,Q01,c75,"9,279"
9,280,Q01,c76,"9,280"
10,277,Q01,c89,"10,277"
10,278,Q01,c90,"10,278"
10,279,Q01,c91,"10,279"
10,332,Q01,c95,"10,332"
10,333,Q01,c96,"10,333"
11,277,Q01,c106,"11,277"
11,278,Q01,c107,"11,278"
11,329,Q01,c110,"11,329"
11,332,Q01,c113,"11,332"
11,333,Q01,c114,"11,333"
12,278,Q01,c125,"12,278"
12,301,Q01,c127,"12,301"
12,310,Q01,c128,"12,310"
12,311,Q01,c129,"12,311"
12,312,Q01,c130,"12,312"
12,325,Q01,c131,"12,325"
12,332,Q01,c138,"12,332"
12,333,Q01,c139,"12,333"
12,334,Q01,c140,"12,334"
13,268,Q01,c141,"13,268"
13,289,Q01,c155,"13,289"
13,290,Q01,c156,"13,290"
13,301,Q01,c157,"13,301"
13,305,Q01,c158,"13,305"
13,306,Q01,c159,"13,306"
13,309,Q01,c160,"13,309"
13,310,Q01,c161,"13,310"
13,311,Q01,c162,"13,311"
13,312,Q01,c163,"13,312"
13,313,Q01,c164,"13,313"
13,314,Q01,c165,"13,314"
13,333,Q01,c174,"13,333"
13,334,Q01,c175,"13,334"
14,268,Q01,c176,"14,268"
14,269,Q01,c177,"14,269"
14,270,Q01,c178,"14,270"
14,271,Q01,c179,"14,271"
14,283,Q01,c191,"14,283"
14,284,Q01,c192,"14,284"
14,285,Q01,c193,"14,285"
14,289,Q01,c194,"14,289"
14,290,Q01,c195,"14,290"
14,300,Q01,c196,"14,300"
14,301,Q01,c197,"14,301"
14,302,Q01,c198,"14,302"
14,304,Q01,c199,"14,304"
14,305,Q01,c200,"14,305"
14,306,Q01,c201,"14,306"
14,307,Q01,c202,"14,307"
14,308,Q01,c203,"14,308"
14,309,Q01,c204,"14,309"
14,310,Q01,c205,"14,310"
14,311,Q01,c206,"14,311"
14,312,Q01,c207,"14,312"
14,313,Q01,c208,"14,313"
14,314,Q01,c209,"14,314"
14,333,Q01,c218,"14,333"
14,334,Q01,c219,"14,334"
14,335,Q01,c220,"14,335"
14,336,Q01,c221,"14,336"
15,270,Q01,c222,"15,270"
15,271,Q01,c223,"15,271"
15,272,Q01,c224,"15,272"
15,273,Q01,c225,"15,273"
15,274,Q01,c226,"15,274"
15,284,Q01,c236,"15,284"
15,285,Q01,c237,"15,285"
15,286,Q01,c238,"15,286"
15,287,Q01,c239,"15,287"
15,288,Q01,c240,"15,288"
15,289,Q01,c241,"15,289"
15,300,Q01,c242,"15,300"
15,301,Q01,c243,"15,301"
15,302,Q01,c244,"15,302"
15,303,Q01,c245,"15,303"
15,304,Q01,c246,"15,304"
15,305,Q01,c247,"15,305"
15,306,Q01,c248,"15,306"
15,307,Q01,c249,"15,307"
15,308,Q01,c250,"15,308"
15,309,Q01,c251,"15,309"
15,310,Q01,c252,"15,310"
15,311,Q01,c253,"15,311"
15,312,Q01,c254,"15,312"
15,313,Q01,c255,"15,313"
15,314,Q01,c256,"15,314"
15,323,Q01,c257,"15,323"
15,335,Q01,c269,"15,335"
15,336,Q01,c270,"15,336"
15,337,Q01,c271,"15,337"
15,338,Q01,c272,"15,338"
16,272,Q01,c273,"16,272"
16,273,Q01,c274,"16,273"
16,274,Q01,c275,"16,274"
16,275,Q01,c276,"16,275"
16,276,Q01,c277,"16,276"
16,277,Q01,c278,"16,277"
16,287,Q01,c288,"16,287"
16,288,Q01,c289,"16,288"
16,289,Q01,c290,"16,289"
16,301,Q01,c291,"16,301"
16,302,Q01,c292,"16,302"
16,303,Q01,c293,"16,303"
16,304,Q01,c294,"16,304"
16,305,Q01,c295,"16,305"
16,306,Q01,c296,"16,306"
16,307,Q01,c297,"16,307"
16,308,Q01,c298,"16,308"
16,309,Q01,c299,"16,309"
16,310,Q01,c300,"16,310"
16,311,Q01,c301,"16,311"
16,312,Q01,c302,"16,312"
16,313,Q01,c303,"16,313"
16,314,Q01,c304,"16,314"
16,315,Q01,c305,"16,315"
16,337,Q01,c325,"16,337"
16,338,Q01,c326,"16,338"
16,339,Q01,c327,"16,339"
16,340,Q01,c328,"16,340"
17,272,Q01,c329,"17,272"
17,273,Q01,c330,"17,273"
17,274,Q01,c331,"17,274"
17,275,Q01,c332,"17,275"
17,276,Q01,c333,"17,276"
17,277,Q01,c334,"17,277"
17,278,Q01,c335,"17,278"
17,290,Q01,c347,"17,290"
17,291,Q01,c348,"17,291"
17,301,Q01,c349,"17,301"
17,302,Q01,c350,"17,302"
17,303,Q01,c351,"17,303"
17,304,Q01,c352,"17,304"
17,305,Q01,c353,"17,305"
17,308,Q01,c356,"17,308"
17,309,Q01,c357,"17,309"
17,310,Q01,c358,"17,310"
17,311,Q01,c359,"17,311"
17,312,Q01,c360,"17,312"
17,313,Q01,c361,"17,313"
17,341,Q01,c389,"17,341"
17,342,Q01,c390,"17,342"
17,343,Q01,c391,"17,343"
18,272,Q01,c392,"18,272"
18,273,Q01,c393,"18,273"
18,274,Q01,c394,"18,274"
18,275,Q01,c395,"18,275"
18,276,Q01,c396,"18,276"
18,277,Q01,c397,"18,277"
18,278,Q01,c398,"18,278"
18,279,Q01,c399,"18,279"
18,280,Q01,c400,"18,280"
18,291,Q01,c411,"18,291"
18,292,Q01,c412,"18,292"
18,293,Q01,c413,"18,293"
18,296,Q01,c414,"18,296"
18,297,Q01,c415,"18,297"
18,298,Q01,c416,"18,298"
18,299,Q01,c417,"18,299"
18,300,Q01,c418,"18,300"
18,301,Q01,c419,"18,301"
18,302,Q01,c420,"18,302"
18,303,Q01,c421,"18,303"
18,343,Q01,c461,"18,343"
18,344,Q01,c462,"18,344"
18,345,Q01,c463,"18,345"
18,346,Q01,c464,"18,346"
19,272,Q01,c465,"19,272"
19,273,Q01,c466,"19,273"
19,277,Q01,c467,"19,277"
19,278,Q01,c468,"19,278"
19,279,Q01,c469,"19,279"
19,280,Q01,c470,"19,280"
19,281,Q01,c471,"19,281"
19,344,Q01,c534,"19,344"
19,345,Q01,c535,"19,345"
19,346,Q01,c536,"19,346"
19,347,Q01,c537,"19,347"
19,348,Q01,c538,"19,348"
20,272,Q01,c539,"20,272"
20,280,Q01,c540,"20,280"
20,281,Q01,c541,"20,281"
20,282,Q01,c542,"20,282"
20,283,Q01,c543,"20,283"
20,346,Q01,c606,"20,346"
20,347,Q01,c607,"20,347"
20,348,Q01,c608,"20,348"
20,349,Q01,c609,"20,349"
20,350,Q01,c610,"20,350"
21,281,Q01,c611,"21,281"
21,282,Q01,c612,"21,282"
21,283,Q01,c613,"21,283"
21,284,Q01,c614,"21,284"
21,285,Q01,c615,"21,285"
21,348,Q01,c678,"21,348"
21,349,Q01,c679,"21,349"
21,350,Q01,c680,"21,350"
21,351,Q01,c681,"21,351"
21,352,Q01,c682,"21,352"
21,353,Q01,c683,"21,353"
22,281,Q01,c684,"22,281"
22,282,Q01,c685,"22,282"
22,283,Q01,c686,"22,283"
22,284,Q01,c687,"22,284"
22,285,Q01,c688,"22,285"
22,286,Q01,c689,"22,286"
22,287,Q01,c690,"22,287"
22,350,Q01,c753,"22,350"
22,351,Q01,c754,"22,351"
22,352,Q01,c755,"22,352"
22,353,Q01,c756,"22,353"
22,354,Q01,c757,"22,354"
23,283,Q01,c759,"23,283"
23,284,Q01,c760,"23,284"
23,285,Q01,c761,"23,285"
23,286,Q01,c762,"23,286"
23,287,Q01,c763,"23,287"
23,288,Q01,c764,"23,288"
23,289,Q01,c765,"23,289"
23,290,Q01,c766,"23,290"
23,291,Q01,c767,"23,291"
23,292,Q01,c768,"23,292"
23,351,Q01,c827,"23,351"
23,352,Q01,c828,"23,352"
24,283,Q01,c834,"24,283"
24,284,Q01,c835,"24,284"
24,285,Q01,c836,"24,285"
24,286,Q01,c837,"24,286"
24,287,Q01,c838,"24,287"
24,288,Q01,c839,"24,288"
24,289,Q01,c840,"24,289"
24,290,Q01,c841,"24,290"
24,291,Q01,c842,"24,291"
24,292,Q01,c843,"24,292"
24,293,Q01,c844,"24,293"
24,294,Q01,c845,"24,294"
24,295,Q01,c846,"24,295"
24,296,Q01,c847,"24,296"
24,297,Q01,c848,"24,297"
24,298,Q01,c849,"24,298"
24,299,Q01,c850,"24,299"
24,300,Q01,c851,"24,300"
24,301,Q01,c852,"24,301"
24,302,Q01,c853,"24,302"
24,303,Q01,c854,"24,303"
24,304,Q01,c855,"24,304"
24,305,Q01,c856,"24,305"
24,306,Q01,c857,"24,306"
24,307,Q01,c858,"24,307"
24,308,Q01,c859,"24,308"
24,309,Q01,c860,"24,309"
24,310,Q01,c861,"24,310"
24,311,Q01,c862,"24,311"
24,312,Q01,c863,"24,312"
24,313,Q01,c864,"24,313"
24,330,Q01,c881,"24,330"
24,331,Q01,c882,"24,331"
24,332,Q01,c883,"24,332"
24,333,Q01,c884,"24,333"
24,334,Q01,c885,"24,334"
24,335,Q01,c886,"24,335"
24,336,Q01,c887,"24,336"
24,337,Q01,c888,"24,337"
24,338,Q01,c889,"24,338"
24,339,Q01,c890,"24,339"
24,340,Q01,c891,"24,340"
24,341,Q01,c892,"24,341"
24,342,Q01,c893,"24,342"
24,343,Q01,c894,"24,343"
24,344,Q01,c895,"24,344"
24,345,Q01,c896,"24,345"
25,287,Q01,c910,"25,287"
25,288,Q01,c911,"25,288"
25,289,Q01,c912,"25,289"
25,290,Q01,c913,"25,290"
25,291,Q01,c914,"25,291"
25,292,Q01,c915,"25,292"
25,293,Q01,c916,"25,293"
25,294,Q01,c917,"25,294"
25,295,Q01,c918,"25,295"
25,296,Q01,c919,"25,296"
25,297,Q01,c920,"25,297"
25,298,Q01,c921,"25,298"
25,299,Q01,c922,"25,299"
25,300,Q01,c923,"25,300"
25,301,Q01,c924,"25,301"
25,302,Q01,c925,"25,302"
25,303,Q01,c926,"25,303"
25,304,Q01,c927,"25,304"
25,305,Q01,c928,"25,305"
25,306,Q01,c929,"25,306"
25,307,Q01,c930,"25,307"
25,308,Q01,c931,"25,308"
25,309,Q01,c932,"25,309"
25,310,Q01,c933,"25,310"
25,311,Q01,c934,"25,311"
25,312,Q01,c935,"25,312"
25,313,Q01,c936,"25,313"
25,314,Q01,c937,"25,314"
25,315,Q01,c938,"25,315"
25,316,Q01,c939,"25,316"
25,317,Q01,c940,"25,317"
25,329,Q01,c952,"25,329"
25,330,Q01,c953,"25,330"
25,331,Q01,c954,"25,331"
25,332,Q01,c955,"25,332"
25,333,Q01,c956,"25,333"
25,334,Q01,c957,"25,334"
25,335,Q01,c958,"25,335"
25,336,Q01,c959,"25,336"
25,337,Q01,c960,"25,337"
25,338,Q01,c961,"25,338"
25,339,Q01,c962,"25,339"
25,340,Q01,c963,"25,340"
25,341,Q01,c964,"25,341"
25,342,Q01,c965,"25,342"
25,343,Q01,c966,"25,343"
25,344,Q01,c967,"25,344"
25,345,Q01,c968,"25,345"
25,346,Q01,c969,"25,346"
25,347,Q01,c970,"25,347"
25,348,Q01,c971,"25,348"
25,349,Q01,c972,"25,349"
25,350,Q01,c973,"25,350"
25,351,Q01,c974,"25,351"
25,352,Q01,c975,"25,352"
25,354,Q01,c977,"25,354"
25,356,Q01,c979,"25,356"
26,287,Q01,c981,"26,287"
26,288,Q01,c982,"26,288"
26,289,Q01,c983,"26,289"
26,290,Q01,c984,"26,290"
26,291,Q01,c985,"26,291"
26,292,Q01,c986,"26,292"
26,293,Q01,c987,"26,293"
26,294,Q01,c988,"26,294"
26,295,Q01,c989,"26,295"
26,296,Q01,c990,"26,296"
26,297,Q01,c991,"26,297"
26,298,Q01,c992,"26,298"
26,299,Q01,c993,"26,299"
26,300,Q01,c994,"26,300"
26,301,Q01,c995,"26,301"
26,302,Q01,c996,"26,302"
26,303,Q01,c997,"26,303"
26,304,Q01,c998,"26,304"
26,305,Q01,c999,"26,305"
26,306,Q01,c1000,"26,306"
26,307,Q01,c1001,"26,307"
26,308,Q01,c1002,"26,308"
26,309,Q01,c1003,"26,309"
26,310,Q01,c1004,"26,310"
26,311,Q01,c1005,"26,311"
26,312,Q01,c1006,"26,312"
26,313,Q01,c1007,"26,313"
26,314,Q01,c1008,"26,314"
26,315,Q01,c1009,"26,315"
26,316,Q01,c1010,"26,316"
26,317,Q01,c1011,"26,317"
26,318,Q01,c1012,"26,318"
26,319,Q01,c1013,"26,319"
26,320,Q01,c1014,"26,320"
26,321,Q01,c1015,"26,321"
26,329,Q01,c1023,"26,329"
26,330,Q01,c1024,"26,330"
26,331,Q01,c1025,"26,331"
26,336,Q01,c1026,"26,336"
26,337,Q01,c1027,"26,337"
26,338,Q01,c1028,"26,338"
26,339,Q01,c1029,"26,339"
26,340,Q01,c1030,"26,340"
26,341,Q01,c1031,"26,341"
26,342,Q01,c1032,"26,342"
26,343,Q01,c1033,"26,343"
26,344,Q01,c1034,"26,344"
27,288,Q01,c1035,"27,288"
27,293,Q01,c1036,"27,293"
27,294,Q01,c1037,"27,294"
27,295,Q01,c1038,"27,295"
27,296,Q01,c1039,"27,296"
27,300,Q01,c1040,"27,300"
27,301,Q01,c1041,"27,301"
27,304,Q01,c1042,"27,304"
27,305,Q01,c1043,"27,305"
27,306,Q01,c1044,"27,306"
27,307,Q01,c1045,"27,307"
27,308,Q01,c1046,"27,308"
27,309,Q01,c1047,"27,309"
27,310,Q01,c1048,"27,310"
27,311,Q01,c1049,"27,311"
27,312,Q01,c1050,"27,312"
27,313,Q01,c1051,"27,313"
27,314,Q01,c1052,"27,314"
27,315,Q01,c1053,"27,315"
27,316,Q01,c1054,"27,316"
27,317,Q01,c1055,"27,317"
27,318,Q01,c1056,"27,318"
27,319,Q01,c1057,"27,319"
27,320,Q01,c1058,"27,320"
27,321,Q01,c1059,"27,321"
27,322,Q01,c1060,"27,322"
27,323,Q01,c1061,"27,323"
27,329,Q01,c1067,"27,329"
27,330,Q01,c1068,"27,330"
27,338,Q01,c1069,"27,338"
27,339,Q01,c1070,"27,339"
27,340,Q01,c1071,"27,340"
27,341,Q01,c1072,"27,341"
27,342,Q01,c1073,"27,342"
28,288,Q01,c1074,"28,288"
28,293,Q01,c1075,"28,293"
28,294,Q01,c1076,"28,294"
28,295,Q01,c1077,"28,295"
28,296,Q01,c1078,"28,296"
28,300,Q01,c1079,"28,300"
28,304,Q01,c1080,"28,304"
28,305,Q01,c1081,"28,305"
28,306,Q01,c1082,"28,306"
28,307,Q01,c1083,"28,307"
28,308,Q01,c1084,"28,308"
28,309,Q01,c1085,"28,309"
28,310,Q01,c1086,"28,310"
28,311,Q01,c1087,"28,311"
28,312,Q01,c1088,"28,312"
28,313,Q01,c1089,"28,313"
28,314,Q01,c1090,"28,314"
28,315,Q01,c1091,"28,315"
28,316,Q01,c1092,"28,316"
28,317,Q01,c1093,"28,317"
28,318,Q01,c1094,"28,318"
28,320,Q01,c1096,"28,320"
28,321,Q01,c1097,"28,321"
28,322,Q01,c1098,"28,322"
28,323,Q01,c1099,"28,323"
28,324,Q01,c1100,"28,324"
28,328,Q01,c1104,"28,328"
28,329,Q01,c1105,"28,329"
28,330,Q01,c1106,"28,330"
29,293,Q01,c1107,"29,293"
29,294,Q01,c1108,"29,294"
29,295,Q01,c1109,"29,295"
29,296,Q01,c1110,"29,296"
29,304,Q01,c1111,"29,304"
29,305,Q01,c1112,"29,305"
29,306,Q01,c1113,"29,306"
29,307,Q01,c1114,"29,307"
29,308,Q01,c1115,"29,308"
29,309,Q01,c1116,"29,309"
29,310,Q01,c1117,"29,310"
29,311,Q01,c1118,"29,311"
29,312,Q01,c1119,"29,312"
29,313,Q01,c1120,"29,313"
29,314,Q01,c1121,"29,314"
29,315,Q01,c1122,"29,315"
29,316,Q01,c1123,"29,316"
29,317,Q01,c1124,"29,317"
29,318,Q01,c1125,"29,318"
29,320,Q01,c1127,"29,320"
29,321,Q01,c1128,"29,321"
29,322,Q01,c1129,"29,322"
29,323,Q01,c1130,"29,323"
29,324,Q01,c1131,"29,324"
29,325,Q01,c1132,"29,325"
29,328,Q01,c1135,"29,328"
29,329,Q01,c1136,"29,329"
30,293,Q01,c1137,"30,293"
30,294,Q01,c1138,"30,294"
30,295,Q01,c1139,"30,295"
30,306,Q01,c1140,"30,306"
30,307,Q01,c1141,"30,307"
30,308,Q01,c1142,"30,308"
30,309,Q01,c1143,"30,309"
30,310,Q01,c1144,"30,310"
30,311,Q01,c1145,"30,311"
30,312,Q01,c1146,"30,312"
30,313,Q01,c1147,"30,313"
30,314,Q01,c1148,"30,314"
30,315,Q01,c1149,"30,315"
30,316,Q01,c1150,"30,316"
30,317,Q01,c1151,"30,317"
30,318,Q01,c1152,"30,318"
30,319,Q01,c1153,"30,319"
30,320,Q01,c1154,"30,320"
30,321,Q01,c1155,"30,321"
30,322,Q01,c1156,"30,322"
30,323,Q01,c1157,"30,323"
30,324,Q01,c1158,"30,324"
30,325,Q01,c1159,"30,325"
30,328,Q01,c1162,"30,328"
31,307,Q01,c1163,"31,307"
31,308,Q01,c1164,"31,308"
31,309,Q01,c1165,"31,309"
31,310,Q01,c1166,"31,310"
31,311,Q01,c1167,"31,311"
31,312,Q01,c1168,"31,312"
31,313,Q01,c1169,"31,313"
31,314,Q01,c1170,"31,314"
31,315,Q01,c1171,"31,315"
31,316,Q01,c1172,"31,316"
31,317,Q01,c1173,"31,317"
31,318,Q01,c1174,"31,318"
31,319,Q01,c1175,"31,319"
31,320,Q01,c1176,"31,320"
31,321,Q01,c1177,"31,321"
31,323,Q01,c1178,"31,323"
31,324,Q01,c1179,"31,324"
31,325,Q01,c1180,"31,325"
31,326,Q01,c1181,"31,326"
32,307,Q01,c1183,"32,307"
32,308,Q01,c1184,"32,308"
32,309,Q01,c1185,"32,309"
32,310,Q01,c1186,"32,310"
32,314,Q01,c1187,"32,314"
32,315,Q01,c1188,"32,315"
32,316,Q01,c1189,"32,316"
32,317,Q01,c1190,"32,317"
32,318,Q01,c1191,"32,318"
32,319,Q01,c1192,"32,319"
32,320,Q01,c1193,"32,320"
32,323,Q01,c1194,"32,323"
32,324,Q01,c1195,"32,324"
32,325,Q01,c1196,"32,325"
32,326,Q01,c1197,"32,326"
32,327,Q01,c1198,"32,327"
33,307,Q01,c1199,"33,307"
33,308,Q01,c1200,"33,308"
33,309,Q01,c1201,"33,309"
33,310,Q01,c1202,"33,310"
33,315,Q01,c1203,"33,315"
33,316,Q01,c1204,"33,316"
33,317,Q01,c1205,"33,317"
33,318,Q01,c1206,"33,318"
33,319,Q01,c1207,"33,319"
33,320,Q01,c1208,"33,320"
33,323,Q01,c1209,"33,323"
33,324,Q01,c1210,"33,324"
33,325,Q01,c1211,"33,325"
33,326,Q01,c1212,"33,326"
33,327,Q01,c1213,"33,327"
34,308,Q01,c1214,"34,308"
34,309,Q01,c1215,"34,309"
34,315,Q01,c1216,"34,315"
34,316,Q01,c1217,"34,316"
34,317,Q01,c1218,"34,317"
34,318,Q01,c1219,"34,318"
34,319,Q01,c1220,"34,319"
34,324,Q01,c1221,"34,324"
34,325,Q01,c1222,"34,325"
34,326,Q01,c1223,"34,326"
35,317,Q01,c1224,"35,317"
35,318,Q01,c1225,"35,318"
